Codigo_Pro|Nombre|Marca|Descripcion|Moneda|Precio|Precio_Valido_Hasta|Url_producto|Url_Imagen|Almacen|Cantidad|Fecha|Categoria|Ciudad
13039|harina pan blanca x 1000 g|PAN|Harina P.A.N. es un producto único hecho a base de puro maíz, que permite la preparación de deliciosos y variados platos propios de cada cultura, disfrútala en todas sus presentaciones, Blanca, Amarilla y Dulce.|COP|4890|2023-07-31T22:14:52Z|https://www.tiendasjumbo.co/harina-pan-blanca-x-1000-g/p|https://jumbocolombiaio.vtexassets.com/arquivos/ids/185701/7702084137520-1.jpg?v=1754180187|Cencosud - Colombia|1 kg|2022-11-06|HARINA|Tunja
20738|harina de maíz blanco extrafina doñarepa x 1000 g|DONAREPA|Doñarepa es la harina precocida de maíz natural con verdadero sabor 100% colombiano y 100% maiz, tiene excelente desempeño en las preparaciones y en el proceso de armar, asar o freír, no aporta grasa.|COP|3912|2023-09-18T22:08:55Z|https://www.tiendasjumbo.co/harina-de-maiz-blanco-extrafina-donarepa-x-1000g/p|https://jumbocolombiaio.vtexassets.com/arquivos/ids/191149/7702020212052-1.jpg?v=1754177721|Cencosud - Colombia|1 kg|2022-11-06|HARINA|Tunja
20724|harina de trigo tradicional haz de oros x500 g|HAZ DE OROS|Haz de Oros es la marca de harina de trigo Aliada y Experta en el hogar que te brinda tranquilidad y confianza en todo momento al  realizar sus preparaciones, no altera el sabor de las comidas, es fortificada y de calidad certificada|COP|2490|2023-09-11T22:02:38Z|https://www.tiendasjumbo.co/harina-de-trigo-tradicional-haz-de-oros-x-500g/p|https://jumbocolombiaio.vtexassets.com/arquivos/ids/191138/7702020011228.jpg?v=1754177385|Cencosud - Colombia|500 g|2022-11-06|HARINA|Tunja
87185|harina de trigo x500 g|LA NIEVE|Harina de trigo*500 g|COP|1750|2023-06-23T22:06:09Z|https://www.tiendasjumbo.co/harina-de-trigo-500-g/p|https://jumbocolombiaio.vtexassets.com/arquivos/ids/200773/7707237413902.jpg?v=1754171909|Cencosud - Colombia|500 g|2022-11-06|HARINA|Tunja
20725|harina de trigo tradicional haz de oros x 2500 g|HAZ DE OROS|Haz de Oros es la marca de harina de trigo Aliada y Experta en el hogar que te brinda tranquilidad y confianza en todo momento al  realizar sus preparaciones, no altera el sabor de las comidas, es fortificada y de calidad certificada|COP|9790|2023-09-11T22:02:38Z|https://www.tiendasjumbo.co/harina-de-trigo-tradicional-haz-de-oros-x-2500g/p|https://jumbocolombiaio.vtexassets.com/arquivos/ids/191139/7702020011204HARINA-DE-TRIGO-X-2500g-INSUMOHARINA-HAZ-DE-OROS-X-5-LB.jpg?v=1754167180|Cencosud - Colombia|2.5 kg|2022-11-06|HARINA|Tunja
20749|harina del campo precocida de maíz doñarepa x 1000 g|DONAREPA|Doñarepa del Campo, como hecha en fogón de leña, es una mezcla de harina precocida de maíz blanca y amarilla, sabor más acentuado a maíz y mejor apariencia en cuanto al color de la arepa.|COP|3672|2023-09-18T22:09:00Z|https://www.tiendasjumbo.co/harina-del-campo-precocida-de-maiz-donarepa-x-1000g/p|https://jumbocolombiaio.vtexassets.com/arquivos/ids/191154/7702020212304-1.jpg?v=1754175372|Cencosud - Colombia|1 kg|2022-11-06|HARINA|Tunja
20726|harina de trigo tradicional haz de oros x1000 g|HAZ DE OROS|Haz de Oros es la marca de harina de trigo Aliada y Experta en el hogar que te brinda tranquilidad y confianza en todo momento al  realizar sus preparaciones, no altera el sabor de las comidas, es fortificada y de calidad certificada|COP|5190|2023-09-11T22:01:55Z|https://www.tiendasjumbo.co/harina-de-trigo-tradicional-haz-de-oros-x-1000g/p|https://jumbocolombiaio.vtexassets.com/arquivos/ids/191140/7702020011310.jpg?v=1754161760|Cencosud - Colombia|1 kg|2022-11-06|HARINA|Tunja
60380|harina la nieve maíz blanco masapan x1000 g|LA NIEVE|... que hacen de Doñarepa la mejor opción de harina precocida de maíz para tus preparaciones. Ideales para arepas, envueltos, empanadas, tamales, masitas ...|COP|3590|2023-06-23T22:27:39Z|https://www.tiendasjumbo.co/harina-la-nieve-maiz-blanco-masapan-x-1000-g/p|https://jumbocolombiaio.vtexassets.com/arquivos/ids/209017/7707237414091.jpg?v=1754171603|Cencosud - Colombia|1 kg|2022-11-06|HARINA|Tunja
171369|harina diana maíz blanco x500 g|DIANA|Prepara tus comidas favoritas con los increíbles productos que Diana trae para ti.|COP|2350|2023-09-11T22:04:35Z|https://www.tiendasjumbo.co/harina-diana-maiz-blanco-x-500g/p|https://jumbocolombiaio.vtexassets.com/arquivos/ids/222367/7702206942216.jpg?v=1754167968|Cencosud - Colombia|500 g|2022-11-06|HARINA|Tunja
171367|harina diana maiz blanco x 1000 g|DIANA|Harina Diana maiz blanco x 1000g|COP|4790|2023-09-11T22:02:49Z|https://www.tiendasjumbo.co/harina-diana-maiz-blanco-x-1000g/p|https://jumbocolombiaio.vtexassets.com/arquivos/ids/392197/7702511081457.jpg?v=1754176205|Cencosud - Colombia|1 kg|2022-11-06|HARINA|Tunja
20747|harina pan integral blanca x 1000 g|PAN|Harina Pan integral blanca, ideal para preparar recetas, y maravillar a tus comensales.|COP|4890|2023-07-31T22:15:06Z|https://www.tiendasjumbo.co/harina-pan-integral-blanca-x-1000g/p|https://jumbocolombiaio.vtexassets.com/arquivos/ids/191153/7702084137858.jpg?v=1754178783|Cencosud - Colombia|1 kg|2022-11-06|HARINA|Tunja
11111|harina pan maíz dulce x 1000 g|PAN|Harina P.A.N. es un producto único hecho a base de puro maíz, que permite la preparación de deliciosos y variados platos propios de cada cultura, disfrútala en todas sus presentaciones, Blanca, Amarilla y Dulce.|COP|8590|2023-07-31T22:03:15Z|https://www.tiendasjumbo.co/harina-pan-maiz-dulce-x-1000-g/p|https://jumbocolombiaio.vtexassets.com/arquivos/ids/184715/7702084550015-1.jpg?v=1754172678|Cencosud - Colombia|1 kg|2022-11-06|HARINA|Tunja
60377|harina la nieve maíz blanco arepa mantequilla sal x500 g|LA NIEVE|Harina destinada para el uso general en diferentes procesos a nivel industrial y a nivel de panadería.|COP|1990|2023-06-23T22:20:21Z|https://www.tiendasjumbo.co/harina-la-nieve-maiz-blanco-arepa-mantequilla-sal-x-500-g/p|https://jumbocolombiaio.vtexassets.com/arquivos/ids/209012/7707237414084.jpg?v=1754153080|Cencosud - Colombia|500 g|2022-11-06|HARINA|Tunja
20727|harina de trigo integral haz de oros x 500 g|HAZ DE OROS|harina de trigo integral Haz de Oros mejora el funcionamiento del sistema digestivo, contribuyendo a la disminucion de peso y a la reduccion del riesgo de enfermedades cronicas.|COP|3190|2023-09-11T22:02:39Z|https://www.tiendasjumbo.co/harina-de-trigo-integral-haz-de-oros-x-500g/p|https://jumbocolombiaio.vtexassets.com/arquivos/ids/191141/7702020011037-1.jpg?v=1754179135|Cencosud - Colombia|500 g|2022-11-06|HARINA|Tunja
13037|harina pan blanca x 500 g|PAN|Harina P.A.N. es un producto único hecho a base de puro maíz, que permite la preparación de deliciosos y variados platos propios de cada cultura, disfrútala en todas sus presentaciones, Blanca, Amarilla y Dulce.|COP|2690|2023-07-31T22:14:52Z|https://www.tiendasjumbo.co/harina-pan-blanca-x-500-g/p|https://jumbocolombiaio.vtexassets.com/arquivos/ids/185698/7702084127330-1.jpg?v=1754150906|Cencosud - Colombia|500 g|2022-11-06|HARINA|Tunja
32477|harina la nieve precocida blanca x1000 g|LA NIEVE|Crea los postres mas deliciosos y perfectos|COP|3690|2023-06-23T22:27:36Z|https://www.tiendasjumbo.co/harina-precocida-blanca-1000g/p|https://jumbocolombiaio.vtexassets.com/arquivos/ids/205341/7707237414046.jpg?v=1754171604|Cencosud - Colombia|1 kg|2022-11-06|HARINA|Tunja
20728|harina de trigo con polvo para hornear haz de oros x1000 g|HAZ DE OROS|la misma calidad de la harina de trigo Haz de oros tradicional ahora con polvo para hornear, para preparaciones exquisitas como postres y ponques, ahorra tiempo y dinero.|COP|6190|2023-09-11T22:01:54Z|https://www.tiendasjumbo.co/harina-de-trigo-con-polvo-para-hornear-haz-de-oros-x-1000g/p|https://jumbocolombiaio.vtexassets.com/arquivos/ids/191144/7702020011266.jpg?v=1754175005|Cencosud - Colombia|1 kg|2022-11-06|HARINA|Tunja
13038|harina promasa blanca x 1000 g|PROMASA|La harina precocida PROMASA es un producto 100% natural, sin aditivos ni preservantes, siendo una excelente fuente de energía proveniente de granos enteros, su tradición ha acompañado a los hogares colombianos, en donde generación tras generación han aprendido junto a PROMASA que hay una forma más fácil y rica de preparar arepas.|COP|5190|2023-07-31T22:03:08Z|https://www.tiendasjumbo.co/harina-promasa-blanca-x-1000-g/p|https://jumbocolombiaio.vtexassets.com/arquivos/ids/185700/7702084137414-1.jpg?v=1754158053|Cencosud - Colombia|1 kg|2022-11-06|HARINA|Tunja
13041|harina pan amarilla x 1000 g|PAN|Harina P.A.N. es un producto único hecho a base de puro maíz. La versatilidad y practicidad de P.A.N, permite la preparación de deliciosos y variados platos propios de cada cultura, disfrútala en todas sus presentaciones, Blanca, Amarilla y Dulce.|COP|5390|2023-07-31T22:03:08Z|https://www.tiendasjumbo.co/harina-pan-amarilla-x-1000-g/p|https://jumbocolombiaio.vtexassets.com/arquivos/ids/185703/7702084137537-1.jpg?v=1754176864|Cencosud - Colombia|1 kg|2022-11-06|HARINA|Tunja
169561|harina de trigo harina haz de oros x1000 g|HAZ DE OROS|Desco.harina haz de oros 1000 grs|COP|4390|2023-09-11T22:04:23Z|https://www.tiendasjumbo.co/desco-harina-haz-de-oros-1000-grs-0094025/p|https://jumbocolombiaio.vtexassets.com/arquivos/ids/377663/7702020011211.jpg?v=1754171109|Cencosud - Colombia|1 kg|2022-11-06|HARINA|Tunja
20752|harina precocida de maíz amarillo doñarepa x 1000 g|DONAREPA|Doñarepa es la harina precocida de maíz natural con verdadero sabor 100% colombiano y 100% maiz, tiene excelente desempeño en las preparaciones y en el proceso de armar, asar o freír, no aporta grasa.|COP|4152|2023-11-01T22:13:44Z|https://www.tiendasjumbo.co/harina-precocida-de-maiz-amarillo-donarepa-x-1000g/p|https://jumbocolombiaio.vtexassets.com/arquivos/ids/191159/7702020212021-1.jpg?v=1754179545|Cencosud - Colombia|1 kg|2022-11-06|HARINA|Tunja
173797|harina why not almendras libre gluten x250 g|WHY NOT|Harina why not almendras libre gluten x250g|COP|26990|2023-03-09T22:05:34Z|https://www.tiendasjumbo.co/harina-why-not-almendras-libre-gluten-x250g/p|https://jumbocolombiaio.vtexassets.com/arquivos/ids/370255/7709824281581_1.jpg?v=1754144768|Cencosud - Colombia|250 g|2022-11-06|HARINA|Tunja
173879|harina why not avena libre gluten x1000 g|WHY NOT|Harina why not avena libre gluten x1000g|COP|22590|2023-07-03T22:03:14Z|https://www.tiendasjumbo.co/harina-why-not-avena-libre-gluten-x1000g/p|https://jumbocolombiaio.vtexassets.com/arquivos/ids/370253/7709824281536_1.jpg?v=1754179370|Cencosud - Colombia|1 kg|2022-11-06|HARINA|Tunja
20748|harina de maíz blanco extrafina doñarepa x 500 g|DONAREPA|Doñarepa es la harina precocida de maíz natural con verdadero sabor 100% colombiano y 100% maiz, tiene excelente desempeño en las preparaciones y en el proceso de armar, asar o freír, no aporta grasa.|COP|2232|2023-09-18T22:04:35Z|https://www.tiendasjumbo.co/harina-de-maiz-blanco-extrafina-donarepa-x-500g/p|https://jumbocolombiaio.vtexassets.com/arquivos/ids/285153/7702020211017.jpg?v=1754150602|Cencosud - Colombia|500 g|2022-11-06|HARINA|Tunja
32478|harina precocida blanca x 500 g|LA NIEVE|Harina  refinada, precocida maíz blanca, enriquecida con el sabor tradicional y criollo|COP|1850|2023-06-23T22:06:09Z|https://www.tiendasjumbo.co/harina-precocida-blanca-x-500-g/p|https://jumbocolombiaio.vtexassets.com/arquivos/ids/205342/7707237414053.jpg?v=1754149955|Cencosud - Colombia|500 g|2022-11-06|HARINA|Tunja
11049|harina promasa amarilla x 1000 g|PROMASA|La harina precocida PROMASA es un producto 100% natural, sin aditivos ni preservantes, siendo una excelente fuente de energía proveniente de granos enteros, su tradición ha acompañado a los hogares colombianos, en donde generación tras generación han aprendido junto a PROMASA que hay una forma más fácil y rica de preparar arepas.|COP|5190|2023-07-31T22:03:08Z|https://www.tiendasjumbo.co/harina-promasa-amarilla-x-1000-g/p|https://jumbocolombiaio.vtexassets.com/arquivos/ids/184667/7702084137605-1.jpg?v=1754150308|Cencosud - Colombia|1 kg|2022-11-06|HARINA|Tunja
126134|harina bioessens de coco orgánica x 1 lb|BIOESSENS|Harina para preparar las recetas que mas te gustan.|COP|16990|2023-07-02T22:04:50Z|https://www.tiendasjumbo.co/harina-bioessens-coco-organica-x1lb/p|https://jumbocolombiaio.vtexassets.com/arquivos/ids/225032/7709109482566.jpg?v=1754144163|Cencosud - Colombia|1 lb|2022-11-06|HARINA|Tunja
59803|harina carolina arroz x500 g|CAROLINA|Brinda a tu cuerpo las vitaminas necesarias con productos Carolina.|COP|5190|2023-07-19T22:03:09Z|https://www.tiendasjumbo.co/harina-carolina-arroz-x500-g/p|https://jumbocolombiaio.vtexassets.com/arquivos/ids/208609/7703348902854.jpg?v=1754148908|Cencosud - Colombia|500 g|2022-11-06|HARINA|Tunja
32462|harina robinson leudante x1 kg|ROBINSON|Harina metro  refinada, precocida maíz amarillo, enriquecida con el sabor tradicional y criollo de tu Harina PAN.|COP|6190|2023-08-03T22:22:32Z|https://www.tiendasjumbo.co/harina-leudante-robinson-x-1-kg/p|https://jumbocolombiaio.vtexassets.com/arquivos/ids/205339/7707197613404.jpg?v=1754151050|Cencosud - Colombia|1 kg|2022-11-06|HARINA|Tunja
168243|harina superfuds avena extrafina sin gluten x250 g|SUPER|Crea los postres mas deliciosos y perfectos|COP|7190|2023-07-03T22:03:07Z|https://www.tiendasjumbo.co/harina-superfuds-avena-extrafina-sin-gluten-x250g/p|https://jumbocolombiaio.vtexassets.com/arquivos/ids/220938/7709835352225.jpg?v=1754144694|Cencosud - Colombia|250 g|2022-11-06|HARINA|Tunja
38212|harina orgánica a de coco x 500 g|A DE COCO|Harina de Coco ORGÁNICO A de Coco 500gr, baja en carbohidratos, libre de gluten, no es alergénica|COP|14994|2023-11-07T01:04:55Z|https://www.tiendasjumbo.co/harina-organica-adecoco-x-500g/p|https://jumbocolombiaio.vtexassets.com/arquivos/ids/371625/7503008669048.jpg?v=1754149669|Cencosud - Colombia|500 g|2022-11-06|HARINA|Tunja
59806|harina carolina centeno x500 g|CAROLINA|Brinda a tu cuerpo las vitaminas necesarias con productos Carolina.|COP|6790|2023-07-19T22:03:09Z|https://www.tiendasjumbo.co/harina-carolina-centeno-x500-g/p|https://jumbocolombiaio.vtexassets.com/arquivos/ids/208614/7703348902885.jpg?v=1754138007|Cencosud - Colombia|500 g|2022-11-06|HARINA|Tunja
63445|harina bio plaza arroz integral x500 g|BIO PLAZA|Harina bio plaza arroz integral x500g|COP|7990|2023-07-02T22:02:49Z|https://www.tiendasjumbo.co/harina-bio-plaza-arroz-integral-x500g/p|https://jumbocolombiaio.vtexassets.com/arquivos/ids/210234/7709113505640.jpg?v=1754142960|Cencosud - Colombia|500 g|2022-11-06|HARINA|Tunja
63447|harina bio plaza platano x500 g|BIO PLAZA|Harina bio plaza platano x500g|COP|9790|2023-05-19T22:33:43Z|https://www.tiendasjumbo.co/harina-bio-plaza-platano-x500g/p|https://jumbocolombiaio.vtexassets.com/arquivos/ids/210236/7709219197428.jpg?v=1754144730|Cencosud - Colombia|500 g|2022-11-06|HARINA|Tunja
59805|harina carolina quinua x500 g|CAROLINA|Brinda a tu cuerpo las vitaminas necesarias con productos Carolina.|COP|7390|2023-07-19T22:06:20Z|https://www.tiendasjumbo.co/harina-carolina-quinua-x500-g/p|https://jumbocolombiaio.vtexassets.com/arquivos/ids/208612/7703348902878.jpg?v=1754152757|Cencosud - Colombia|500 g|2022-11-06|HARINA|Tunja
166372|harina monterra de coco natural desgrasada sin gluten x340 g|MONTERRA|Disfruta de la Harina Monterra de coco natural desgrasada sin gluten x340g y cuida a tu familia llevándoles siempre la mejor sensación|COP|15990|2023-07-03T22:03:07Z|https://www.tiendasjumbo.co/harina-monterracoco-nat-desgrasada-sin-glutenx340g/p|https://jumbocolombiaio.vtexassets.com/arquivos/ids/219443/7709496856209-frente.jpg?v=1754143453|Cencosud - Colombia|340 g|2022-11-06|HARINA|Tunja
13262|pasta clásica spaghetti doria x 1000 g.|DORIA|El Spaghetti es una pasta larga con múltiples y fáciles formas de preparación perfecta para acompañar con salsas, carnes y verduras. Disfruta de un plato tradicional y nutritivo, elaborado con sémola de trigos importados y fortificado con Nutrivit para una buena alimentación.  Mezcla de semolato de trigo fortificado y agua, adicionada con una mezcla de micronutrientes compuesta por vitamina A, acido folico, Hierro y zinc. Preparar en 1 litro de agua hirviendo por cada 100 g de pasta con sal al gusto, ag.egar la pasta y dejar cocinar de 12 a 15 min. Ideal para preparar como plato fuerte.|COP|5990|2023-04-17T22:04:40Z|https://www.tiendasjumbo.co/pasta-clasica-spaghetti-doria-x-1000-g/p|https://jumbocolombiaio.vtexassets.com/arquivos/ids/186126/7702085019023-1.jpg?v=1754183057|Cencosud - Colombia|1 kg|2022-11-06|PASTAS|Tunja
13288|pasta clásica cabello de ángel doria x 250 g.|DORIA|Pasta corta y de fino g.osor, perfecta para toda clase de preparación de sopas e incluso para mezclar con arroz. El cabello de ángel está elaborado con sémola de trigos importados y fortificados con Nutrivit.|COP|2590|2023-10-31T22:09:18Z|https://www.tiendasjumbo.co/pasta-clasica-cabello-de-angel-doria-x-250-g/p|https://jumbocolombiaio.vtexassets.com/arquivos/ids/186156/7702085012079-1.jpg?v=1754178985|Cencosud - Colombia|250 g|2022-11-06|PASTAS|Tunja
13264|pasta clásica spaghetti doria x 250 g.|DORIA|El Spaghetti es una pasta larga con múL.iples y fáciles formas de preparación perfecta para acompañar con salsas, carnes y verduras. Disfruta de un plato tradicional y nutritivo, elaborado con sémola de trigos importados y fortificado con Nutrivit para una buena alimentación.  Mezcla de semolato de trigo fortificado y agua, adicionada con una mezcla de micronutrientes compuesta por vitamina A, acido folico, Hierro y zinc. Preparar en 1 litro de agua hirviendo por cada 100 g de pasta con sal al gusto, ag.egar la pasta y dejar cocinar de 12 a 15 min. Ideal para preparar como plato fuerte.|COP|2590|2023-10-31T22:29:45Z|https://www.tiendasjumbo.co/pasta-clasica-spaghetti-doria-x-250-g/p|https://jumbocolombiaio.vtexassets.com/arquivos/ids/186130/7702085012024-1.jpg?v=1754183141|Cencosud - Colombia|250 g|2022-11-06|PASTAS|Tunja
13309|pasta clásica macarrón corto doria x 250 g.|DORIA|Pasta corta y hueca para diferentes preparaciones, como tortas con salchicha, jamón o queso, ensaladas con verduras, carnes, entre otras. Los macarrones están fortificados con Nutrivit para una buena alimentación.|COP|2450|2023-10-31T22:09:18Z|https://www.tiendasjumbo.co/pasta-clasica-macarron-corto-doria-x-250-g/p|https://jumbocolombiaio.vtexassets.com/arquivos/ids/186185/7702085012093-1.jpg?v=1754179864|Cencosud - Colombia|250 g|2022-11-06|PASTAS|Tunja
13290|pasta clásica fideo doria x 500 g.|DORIA|Pasta corta y delgadita, elaborada con sémola de trigos importados y únicas fortificadas con Nutrivit. Perfecto en preparación de sopas, acompañadas de verduras o carnes, también son deliciosos en arroces y ensaladas.|COP|4690|2023-10-31T22:09:31Z|https://www.tiendasjumbo.co/pasta-clasica-fideo-doria-x-500-g/p|https://jumbocolombiaio.vtexassets.com/arquivos/ids/186158/7702085013069-1.jpg?v=1754180353|Cencosud - Colombia|500 g|2022-11-06|PASTAS|Tunja
13300|pasta clásica tornillos doria x 250 g.|DORIA|Pasta en forma de tornillos, ideal para preparaciones de acompañamientos como ensaladas frias o calientes o platos fuertes con una exquisita salsa junto con proteínas y verduras. Los tornillos Doria están fortificados con Nutrivit que contribuye a una buena alimentación.|COP|2590|2023-10-31T22:07:22Z|https://www.tiendasjumbo.co/pasta-clasica-tornillos-doria-x-250-g/p|https://jumbocolombiaio.vtexassets.com/arquivos/ids/186175/7702085012482-1.jpg?v=1754179860|Cencosud - Colombia|250 g|2022-11-06|PASTAS|Tunja
13297|pasta clásica conchita doria x 250 g.|DORIA|Son un tipo de pasta pequeña con forma de conchas de mar, ideales para preparar sopas con verduras en trocitos y proteína como pollo o carne. Están elaboradas con sémola de trigos importados y fortificadas con Nutrivit. ¡Aleg.a tus preparaciones con conchitas Doria!|COP|2590|2023-10-31T22:08:00Z|https://www.tiendasjumbo.co/pasta-clasica-conchita-doria-x-250-g/p|https://jumbocolombiaio.vtexassets.com/arquivos/ids/186168/7702085012215-1.jpg?v=1754175007|Cencosud - Colombia|250 g|2022-11-06|PASTAS|Tunja
11093|pastas monticello penne rigate x 500 g.|MONTICELLO|Esta polifacética pasta queda deliciosa al horno, cocinada y con cualquier salsa, su elegante forma la hace perfecta para servir en ocasiones formales y románticas. Su nombre hace referencia a sus finas características penne por su corte oblicuo similar al de una pluma y rigate por sus estrías.|COP|7590|2023-02-06T22:04:06Z|https://www.tiendasjumbo.co/pastas-monticello-penne-rigate-x-500-g/p|https://jumbocolombiaio.vtexassets.com/arquivos/ids/184699/7702085021149-1.jpg?v=1754179136|Cencosud - Colombia|500 g|2022-11-06|PASTAS|Tunja
21853|pasta cabello de ángel san remo x 250 g.|SAN REMO|Pasta de un fino grosor y corta esencial para acompañamiento de alimentos como el arroz o algunas sopas.|COP|1790|2023-07-31T22:05:14Z|https://www.tiendasjumbo.co/pasta-cabello-de-angel-san-remo-x-250g/p|https://jumbocolombiaio.vtexassets.com/arquivos/ids/191883/7702020040266-1.jpg?v=1754175375|Cencosud - Colombia|250 g|2022-11-06|PASTAS|Tunja
13285|pasta clásica tallarín doria x 500 g.|DORIA|Pasta larga y plana, diseñada para mezclarse especialmente con las salsas de acompañamiento. Elaborado con sémola de trigos importados y fortificados con Nutrivit, para una buena alimentación.|COP|4190|2023-02-20T22:08:28Z|https://www.tiendasjumbo.co/pasta-clasica-tallarin-doria-x-500-g/p|https://jumbocolombiaio.vtexassets.com/arquivos/ids/186148/7702085013052-1.jpg?v=1754182221|Cencosud - Colombia|500 g|2022-11-06|PASTAS|Tunja
21792|pasta spaghetti barilla x500 g|BARILLA|Hecho en Italia a partir de sémola de trigo duro 100% premium, cocine durante 9 minutos para obtener la auténtica pasta &aposal dente&apos perfecta.País de origenItaliaApto para vegetarianos|COP|12590|2023-10-17T22:04:03Z|https://www.tiendasjumbo.co/spaghetti-barilla-n5-x-500g/p|https://jumbocolombiaio.vtexassets.com/arquivos/ids/388963/8076800195057.jpg?v=1754157838|Cencosud - Colombia|500 g|2022-11-06|PASTAS|Tunja
13274|pasta monticello spaguetti x 1000 g.|MONTICELLO|La gastronomía italiana le brindó al mundo esta pasta fina y larga que ofrece una textura grandiosa, por lo que se ha convertido en uno de los ingredientes más versátiles en el arte culinario. Además los vermicelli tienen una cocción muy rápida, permitiéndote preparar platos deliciosos con gran rápidez para sorprender a esa persona especial.|COP|11990|2023-02-06T22:03:45Z|https://www.tiendasjumbo.co/pasta-monticello-spaguetti-x-1000-g/p|https://jumbocolombiaio.vtexassets.com/arquivos/ids/186137/7702085021248-1.jpg?v=1754168241|Cencosud - Colombia|1 kg|2022-11-06|PASTAS|Tunja
13302|pasta tornillos verduras doria x 500 g.|DORIA|Pasta en forma de pequeños tornillos con todos lo nutrientes de la espinaca y el tomate, perfecta para acompañar con pollo, carne, atún o preparar apetitosas ensaladas. Elaborados con sémola de trigos importados y extracto natural de tomate y espinaca. Enriquecidos con Antioxidantes una mezcla de vitamina A, C y E, Selenio y Zinc, que contribuyen a proteger el cuerpo contra efectos de sustancias oxidantes.|COP|4690|2023-02-20T22:10:50Z|https://www.tiendasjumbo.co/pasta-tornillos-verduras-doria-x-500-g/p|https://jumbocolombiaio.vtexassets.com/arquivos/ids/186177/7702085013496-1.jpg?v=1754156870|Cencosud - Colombia|500 g|2022-11-06|PASTAS|Tunja
84143|fideo comarrico x454 g|COMARRICO|Fideo comarrico x454g|COP|2790|2023-02-20T22:03:44Z|https://www.tiendasjumbo.co/fideo-comarrico-x454g/p|https://jumbocolombiaio.vtexassets.com/arquivos/ids/200075/7707307963153.jpg?v=1754171521|Cencosud - Colombia|454 g|2022-11-06|PASTAS|Tunja
21802|pasta spaghetti pastas la muñeca x1000 g|LA MUNECA|Pastas la muñeca, es perfecta para preparar diversas recetas ricas y saludables.|COP|6990|2023-07-31T22:03:13Z|https://www.tiendasjumbo.co/pasta-spaghetti-pastas-la-muneca-x-1000g/p|https://jumbocolombiaio.vtexassets.com/arquivos/ids/191851/7702020117012.jpg?v=1754171902|Cencosud - Colombia|1 kg|2022-11-06|PASTAS|Tunja
13268|pasta clásica spaghetti doria x 500 g.|DORIA|El Spaghetti es una pasta larga con múL.iples y fáciles formas de preparación perfecta para acompañar con salsas, carnes y verduras. Disfruta de un plato tradicional y nutritivo, elaborado con sémola de trigos importados y fortificado con Nutrivit para una buena alimentación.  Mezcla de semolato de trigo fortificado y agua, adicionada con una mezcla de micronutrientes compuesta por vitamina A, acido folico, Hierro y zinc. Preparar en 1 litro de agua hirviendo por cada 100 g de pasta con sal al gusto, ag.egar la pasta y dejar cocinar de 12 a 15 min. Ideal para preparar como plato fuerte.|COP|4690|2023-10-31T22:17:43Z|https://www.tiendasjumbo.co/pasta-clasica-spaghetti-doria-x-500-g/p|https://jumbocolombiaio.vtexassets.com/arquivos/ids/186132/7702085013021-1.jpg?v=1754178666|Cencosud - Colombia|500 g|2022-11-06|PASTAS|Tunja
13314|pasta macarrón con salsa de queso doria x 210 g.|DORIA|Macarrón pequeño con una deliciosa salsa de queso incluida en el empaque, prepararlo es muy fácil, sólo necesita leche, no hace falta agregarles mantequilla.|COP|4190|2023-02-20T22:03:28Z|https://www.tiendasjumbo.co/pasta-macarron-con-salsa-de-queso-doria-x-210-g/p|https://jumbocolombiaio.vtexassets.com/arquivos/ids/186189/7702085014288.jpg?v=1754169604|Cencosud - Colombia|210 g|2022-11-06|PASTAS|Tunja
13316|pasta monticello fusilli x 500 g.|MONTICELLO|Mejor conocidos como tornillos, son perfectos para servir con mucha salsa, básicamente porque su forma en espiral la retiene más y cada bocado combina perfecto los sabores de los ingredientes con los que se preparen. Otra opción deliciosa es preparar ensaladas con ellos será un complemento maravilloso.|COP|7590|2023-11-07T01:02:04Z|https://www.tiendasjumbo.co/pasta-monticello-fusilli-x-500-g/p|https://jumbocolombiaio.vtexassets.com/arquivos/ids/186194/7702085243480-1.jpg?v=1754181207|Cencosud - Colombia|500 g|2022-11-06|PASTAS|Tunja
13298|pasta clásica concha doria x 500 g.|DORIA|Pasta corta en forma de concha elaborada con sémola de trigos importados,únicas fortificadas con Nutrivit que contribuye a una buena alimentación de la familia. Las Conchas Doria son un formato de pasta pequeño ideal para las diferentes preparaciones de sopas y ensaladas junto con la verdura y proteína de tu preferencia.|COP|4690|2023-10-31T22:09:31Z|https://www.tiendasjumbo.co/pasta-clasica-concha-doria-x-500-g/p|https://jumbocolombiaio.vtexassets.com/arquivos/ids/186170/7702085013120-1.jpg?v=1754173569|Cencosud - Colombia|500 g|2022-11-06|PASTAS|Tunja
13286|pasta monticello fettuccine x 500 g.|MONTICELLO|Esta proverbial pasta de forma plana es ideal para preparar con salsas más gruesas, ya que permite que estas se adhieran mejor y deslicen suavemente por la boca. Es perfecta para acompañar con un buen vino tinto y cualquiera de las variedades de pan rústico que harán de una velada inesperada algo inolvidable.|COP|7590|2023-02-06T22:09:05Z|https://www.tiendasjumbo.co/pasta-monticello-fettuccine-x-500-g/p|https://jumbocolombiaio.vtexassets.com/arquivos/ids/186150/7702085021538-1.jpg?v=1754153237|Cencosud - Colombia|500 g|2022-11-06|PASTAS|Tunja
13293|pasta clásica cabello de ángel doria x 500 g.|DORIA|Pasta corta y de fino g.osor, perfecta para toda clase de preparación de sopas e incluso para mezclar con arroz. El cabello de ángel está elaborado con sémola de trigos importados y fortificados con Nutrivit.|COP|4890|2023-10-31T22:07:22Z|https://www.tiendasjumbo.co/pasta-clasica-cabello-de-angel-doria-x-500-g/p|https://jumbocolombiaio.vtexassets.com/arquivos/ids/186162/7702085013076-1.jpg?v=1754180752|Cencosud - Colombia|500 g|2022-11-06|PASTAS|Tunja
21833|pasta fetuccine conzazoni x500 g|CONZAZONI|Pastas Conzazoni son elaboradas con 100%Trigo Durum utilizando materias primas provenientes de las mejores variedades de calidad superior.|COP|9390|2023-08-17T22:04:27Z|https://www.tiendasjumbo.co/pasta-fetuccine-conzazoni-x-500g/p|https://jumbocolombiaio.vtexassets.com/arquivos/ids/191869/7702020052375-1.jpg?v=1754144688|Cencosud - Colombia|500 g|2022-11-06|PASTAS|Tunja
21912|pasta penne rigate barilla x500 g|BARILLA|Hecho en Italia a partir de sémola de trigo duro 100% premiumcocine durante 11 minutos para obtener la auténtica pasta &aposal dente&apos perfecta. Apto para vegetarianos.|COP|12590|2023-10-17T22:04:06Z|https://www.tiendasjumbo.co/pasta-penne-rigate-barilla-x-500g/p|https://jumbocolombiaio.vtexassets.com/arquivos/ids/388965/8076802085738.jpg?v=1754149584|Cencosud - Colombia|500 g|2022-11-06|PASTAS|Tunja
21909|pasta fusilli barilla x500 g|BARILLA|Trigos duros seleccionados para pasta que saben muy bien en todas las recetas y absorben todo tipo de salsa sin problemas.Tiempo de cocción 11 minutosPaís de origen: ItaliaApto para vegetarianos|COP|11390|2023-08-21T22:02:58Z|https://www.tiendasjumbo.co/fusilli-barilla-x-500g/p|https://jumbocolombiaio.vtexassets.com/arquivos/ids/388967/8076802085981.jpg?v=1754179376|Cencosud - Colombia|500 g|2022-11-06|PASTAS|Tunja
13292|pasta clásica fideo doria x 250 g.|DORIA|Pasta corta y delgadita, elaborada con sémola de trigos importados y únicas fortificadas con Nutrivit. Perfecto en preparación de sopas, acompañadas de verduras o carnes, también son deliciosos en arroces y ensaladas.|COP|2590|2023-10-31T22:09:18Z|https://www.tiendasjumbo.co/pasta-clasica-fideo-doria-x-250-g/p|https://jumbocolombiaio.vtexassets.com/arquivos/ids/186160/7702085012062-1.jpg?v=1754178987|Cencosud - Colombia|250 g|2022-11-06|PASTAS|Tunja
21793|pasta spaghetti conzazoni x1000 g|CONZAZONI|Pastas Conzazoni son elaboradas con 100%Trigo Durum utilizando materias primas provenientes de las mejores variedades de calidad superior.|COP|14390|2023-08-17T22:14:01Z|https://www.tiendasjumbo.co/pasta-spaghetti-conzazoni-x-1000g/p|https://jumbocolombiaio.vtexassets.com/arquivos/ids/191842/7702020052085-1.jpg?v=1754147990|Cencosud - Colombia|1 kg|2022-11-06|PASTAS|Tunja
21817|pasta el dorado spaghetti arroz sin gluten x 250 g|EL DORADO|Pasta El Dorado Spaghetti Arroz Sin Gluten, proporciona a toda tu familia los nutrientes y energia que necesitan, ideal para sorprender  con si delicioso sabor.|COP|6190|2023-11-07T01:06:37Z|https://www.tiendasjumbo.co/pasta-el-dorado-spaghetti-arroz-sin-gluten-x-250g/p|https://jumbocolombiaio.vtexassets.com/arquivos/ids/191858/7709990080476.jpg?v=1754150805|Cencosud - Colombia|250 g|2022-11-06|PASTAS|Tunja
21850|pasta cabello de ángel pastas la muñeca x500 g|LA MUNECA|Pastas la muñeca, es perfecta para preparar diversas recetas ricas y saludables.|COP|4190|2023-07-31T22:03:08Z|https://www.tiendasjumbo.co/pasta-cabello-de-angel-pastas-la-muneca-x-500g/p|https://jumbocolombiaio.vtexassets.com/arquivos/ids/191881/7702020113052.jpg?v=1754167013|Cencosud - Colombia|500 g|2022-11-06|PASTAS|Tunja
40857|pasta spaghetti san remo x 1000 g|SAN REMO|La forma redonda más gruesa, con un medio hueco para coger la salsa. Espagueti tubular también se refiere a menudo como Zita o Bucatini, y es excelente en cocciones de pasta.|COP|5990|2023-07-31T22:11:37Z|https://www.tiendasjumbo.co/pasta-spaghetti-san-remo-x-1000g/p|https://jumbocolombiaio.vtexassets.com/arquivos/ids/194722/7702020040327-20-1.jpg?v=1754150015|Cencosud - Colombia|1 kg|2022-11-06|PASTAS|Tunja
13271|pasta monticello spaguetti x 500 g.|MONTICELLO|De Italia para el mundo está exquisita y proverbial pasta elaborada de forma tradicional, es uno de los platillos preferidos por los italianos. Su nombre evoca la forma de unas espigas o cuerdas y gracias a que es fina y larga, su cocción es rápida, una vez lista puede acompañarse con todo tipo de salsas blancas y salsas a base de tomate, ya que es considerada la pasta más versátil.En cualquier presentación serán un plato perfecto para sorprender a cualquier invitado con momentos llenos de puro piacere.|COP|7590|2023-02-06T22:04:03Z|https://www.tiendasjumbo.co/pasta-monticello-spaguetti-x-500-g/p|https://jumbocolombiaio.vtexassets.com/arquivos/ids/186134/7702085243022-1.jpg?v=1754182216|Cencosud - Colombia|500 g|2022-11-06|PASTAS|Tunja
21900|pasta fettuccine barilla x500 g|BARILLA| Elegante y robusta forma de pastaFabricado en Italia.Sirve con salsas a base de lácteos, aceite o tomate                                  Tiempo de Coccion 9 min  . |COP|18590|2023-08-21T22:03:00Z|https://www.tiendasjumbo.co/pasta-fettuccine-toscane-barilla-x-500g/p|https://jumbocolombiaio.vtexassets.com/arquivos/ids/191919/8076809523776.jpg?v=1754148592|Cencosud - Colombia|500 g|2022-11-06|PASTAS|Tunja
77962|pasta la muneca paquetón x 6 und x 1500 g|LA MUNECA|Pasta la muñeca paqueton, ideal para acompañar tus comidas.|COP|9990|2023-07-31T22:11:46Z|https://www.tiendasjumbo.co/pasta-la-muneca-paqueton-x-6-und-x-1500g/p|https://jumbocolombiaio.vtexassets.com/arquivos/ids/199371/7702020120296.jpg?v=1754177505|Cencosud - Colombia|6 und  1500 g|2022-11-06|PASTAS|Tunja
13331|pasta lasagna precocida doria x 200 g|DORIA|Láminas de pasta rizada, es precocida lo que permite ahorrar tiempo en las preparaciones, ideal para celebraciones con las mas deliciosas salsas y rellenos con carne y vegetales.|COP|5990|2023-02-20T22:03:42Z|https://www.tiendasjumbo.co/pasta-lasagna-precocida-doria-x-200-g/p|https://jumbocolombiaio.vtexassets.com/arquivos/ids/186201/7702085043066.jpg?v=1754183152|Cencosud - Colombia|200 g|2022-11-06|PASTAS|Tunja
21788|pasta spaghettini barilla x500 g|BARILLA|Prueba la deliciosa variedad de Pastas que Barilla trae para ti.|COP|10590|2023-09-22T22:07:26Z|https://www.tiendasjumbo.co/spaghettini-barilla-x-500g/p|https://jumbocolombiaio.vtexassets.com/arquivos/ids/388962/8076800195033.jpg?v=1754150970|Cencosud - Colombia|500 g|2022-11-06|PASTAS|Tunja
21931|pasta penne rigate conzazoni x500 g|CONZAZONI|Pastas Conzazoni son elaboradas con 100%Trigo Durum utilizando materias primas provenientes de las mejores variedades de calidad superior.|COP|9590|2023-08-17T22:04:27Z|https://www.tiendasjumbo.co/pasta-penne-rigate-conzazoni-x-500g/p|https://jumbocolombiaio.vtexassets.com/arquivos/ids/191937/7702020052313.jpg?v=1754150115|Cencosud - Colombia|500 g|2022-11-06|PASTAS|Tunja
47392|pasta farfalle barilla x500 g|BARILLA|Alegres y ligeros,  aportan color a la mesa con un toque de fantasía. Más espesos en el centro y finos a los lados, vuelan de sabor en sabor, adaptándose a las combinaciones más variadas.Listo en : 9 min. Hecho en Italia|COP|11390|2023-09-22T22:20:01Z|https://www.tiendasjumbo.co/farfalle-barilla-x-500-g/p|https://jumbocolombiaio.vtexassets.com/arquivos/ids/388968/8076808060654.jpg?v=1754161280|Cencosud - Colombia|500 g|2022-11-06|PASTAS|Tunja
13020|azúcar blanco riopaila x 2500 g|RIOPAILA|comparte los más dulces momentos|COP|11390|2023-09-01T22:10:06Z|https://www.tiendasjumbo.co/azucar-blanco-riopaila-x-2500g/p|https://jumbocolombiaio.vtexassets.com/arquivos/ids/185659/7702127110022--Riopaila-Suprema-25K-baja.jpg?v=1754157819|Cencosud - Colombia|2.5 kg|2022-11-06|AZUCAR|Tunja
20696|azúcar manuelita alta pureza x 2.5 kilo|MANUELITA|No contiene residuos quimicos, impurezas o elementos artificiales, no altera el sabor natural de los alimentos.|COP|11390|2023-08-12T22:02:54Z|https://www.tiendasjumbo.co/azucar-manuelita-alta-pureza-x-2-5-kilo/p|https://jumbocolombiaio.vtexassets.com/arquivos/ids/191126/7702406000150.png.jpg?v=1754167010|Cencosud - Colombia|2.5 kg|2022-11-06|AZUCAR|Tunja
13019|azúcar blanco riopaila x 1000 g|RIOPAILA|comparte los más dulces momentos|COP|4590|2023-09-01T22:10:06Z|https://www.tiendasjumbo.co/azucar-blanco-riopaila-x-1000g/p|https://jumbocolombiaio.vtexassets.com/arquivos/ids/185657/7702127108029---Riopaila-Suprema-1K.jpg?v=1754171603|Cencosud - Colombia|1 kg|2022-11-06|AZUCAR|Tunja
20718|azúcar manuelita morena x 2.5 kilos|MANUELITA|Especial para preparaciones culinarias donde requiera color caramelo, olores y sabores a mieles naturales, tiene el color caramelo natural extraido del mismo azúcar.|COP|11390|2023-08-12T22:02:41Z|https://www.tiendasjumbo.co/azucar-manuelita-morena-x-2-5-kilos/p|https://jumbocolombiaio.vtexassets.com/arquivos/ids/191133/7702406090328.png.jpg?v=1754175165|Cencosud - Colombia|2.5 kg|2022-11-06|AZUCAR|Tunja
13031|azúcar morena riopaila x2500 g|RIOPAILA|comparte los más dulces momentos|COP|11390|2023-09-01T22:04:45Z|https://www.tiendasjumbo.co/azucar-morena-riopaila-x-2500g/p|https://jumbocolombiaio.vtexassets.com/arquivos/ids/185688/7702127010025---Riopaila-Morena-25K-baja.jpg?v=1754173567|Cencosud - Colombia|2.5 kg|2022-11-06|AZUCAR|Tunja
20711|azúcar providencia blanca x 500 g|PROVIDENCIA|El azúcar blanco pasa por un proceso en donde se clarifican los jugos o jarabes, lo cual genera azúcares con menores contenidos de impurezas (99.4% mínimo de sacarosa) en comparación con los azúcares crudos, entendiéndose como impureza todo lo que no sea sacarosa. El color es blanco hueso y el grano más pequeño que el de azúcar morena.|COP|2490|2023-09-08T22:06:37Z|https://www.tiendasjumbo.co/azucar-providencia-blanca-x-500-g/p|https://jumbocolombiaio.vtexassets.com/arquivos/ids/191129/7702104010406-1.jpg?v=1754175003|Cencosud - Colombia|500 g|2022-11-06|AZUCAR|Tunja
20721|azúcar orgánica providencia x850 g|PROVIDENCIA|El consumo de alimentos orgánicos es una buena manera de proteger las futuras generaciones, evitar la erosión de los suelos y mantener la calidad de las aguas. Consume Azúcar Orgánica Providencia.|COP|4990|2023-09-08T22:02:06Z|https://www.tiendasjumbo.co/azucar-organica-850g-providencia/p|https://jumbocolombiaio.vtexassets.com/arquivos/ids/191134/7702104018921.jpg?v=1754171824|Cencosud - Colombia|850 g|2022-11-06|AZUCAR|Tunja
20702|azúcar blanco providencia x 2.5 kg|PROVIDENCIA|Ideal para endulzar lo que más te gusta, con menos contenidos de impurezas.|COP|11990|2023-09-08T22:11:19Z|https://www.tiendasjumbo.co/azucar-blanco-2-5kg-providencia/p|https://jumbocolombiaio.vtexassets.com/arquivos/ids/191128/7702104010307-1.jpg?v=1754179860|Cencosud - Colombia|2.5 kg|2022-11-06|AZUCAR|Tunja
13032|azúcar incauca morena 2.5 kg|INCAUCA|Realza el sabor y color de tus alimentos con Azúcar Incauca Morena,  gracias a las mieles naturales de sus cristales.|COP|11990|2023-09-08T22:02:18Z|https://www.tiendasjumbo.co/azucar-incauca-morena-2-5-kg/p|https://jumbocolombiaio.vtexassets.com/arquivos/ids/185690/7702059205025-1.jpg?v=1754175375|Cencosud - Colombia|2.5 kg|2022-11-06|AZUCAR|Tunja
11066|azúcar incauca morena 1 kg|INCAUCA|Realza el sabor y color de tus alimentos con Azúcar Incauca Morena,  gracias a las mieles naturales de sus cristales.|COP|4790|2023-09-08T22:04:27Z|https://www.tiendasjumbo.co/azucar-incauca-morena-1-kg/p|https://jumbocolombiaio.vtexassets.com/arquivos/ids/184686/7702059202024-1.jpg?v=1754172921|Cencosud - Colombia|1 kg|2022-11-06|AZUCAR|Tunja
20717|azúcar manuelita morena x 1 kilo|MANUELITA|Especial para preparaciones culinarias donde requiera color caramelo, olores y sabores a mieles naturales, tiene el color caramelo natural extraido del mismo azúcar.|COP|4690|2023-08-12T22:08:20Z|https://www.tiendasjumbo.co/azucar-manuelita-morena-x-1-kilo/p|https://jumbocolombiaio.vtexassets.com/arquivos/ids/191132/7702406090335.png.jpg?v=1754174113|Cencosud - Colombia|1 kg|2022-11-06|AZUCAR|Tunja
20697|azúcar manuelita alta pureza x 1 kilo|MANUELITA|No contiene residuos quimicos, impurezas o elementos artificiales, no altera el sabor natural de los alimentos.|COP|4690|2023-08-12T22:02:54Z|https://www.tiendasjumbo.co/azucar-manuelita-alta-pureza-x-1-kilo/p|https://jumbocolombiaio.vtexassets.com/arquivos/ids/191127/7702406000143.png.jpg?v=1754152985|Cencosud - Colombia|1 kg|2022-11-06|AZUCAR|Tunja
13033|azúcar incauca morena 0.5 kg|INCAUCA|Realza el sabor y color de tus alimentos con Azúcar Incauca Morena,  gracias a las mieles naturales de sus cristales.|COP|2490|2023-09-08T22:21:09Z|https://www.tiendasjumbo.co/azucar-incauca-morena-0-5-kg/p|https://jumbocolombiaio.vtexassets.com/arquivos/ids/185692/7702059201027-1.jpg?v=1754151043|Cencosud - Colombia|0.5 kg|2022-11-06|AZUCAR|Tunja
13035|azúcar morena riopaila x 5000 g|RIOPAILA|comparte los más dulces momentos|COP|21590|2023-09-01T22:11:15Z|https://www.tiendasjumbo.co/azucar-morena-riopaila-x-5000g/p|https://jumbocolombiaio.vtexassets.com/arquivos/ids/185694/7702127000040-1.jpg?v=1754179673|Cencosud - Colombia|5 kg|2022-11-06|AZUCAR|Tunja
13017|azúcar incauca extrafina 2.5 kg|INCAUCA|Azúcar Extrafina, cristales de azúcar puros con un color, sabor y textura únicos para preparar tus bebidas y alimentos|COP|11990|2023-09-08T22:21:08Z|https://www.tiendasjumbo.co/azucar-incauca-extrafina-2-5-kg/p|https://jumbocolombiaio.vtexassets.com/arquivos/ids/185651/7702059505026-1.jpg?v=1754170087|Cencosud - Colombia|2.5 kg|2022-11-06|AZUCAR|Tunja
13021|azúcar incauca blanco especial 2.5 kg|INCAUCA|El azúcar tradicional de los colombianos, suministra la energía que requieres y hace más saludables los alimentos.|COP|10890|2023-09-08T22:13:21Z|https://www.tiendasjumbo.co/azucar-incauca-blanco-especial-2-5-kg/p|https://jumbocolombiaio.vtexassets.com/arquivos/ids/185661/7702059405029-1.jpg?v=1754172676|Cencosud - Colombia|2.5 kg|2022-11-06|AZUCAR|Tunja
13025|azúcar incauca blanca especial x5 kg|INCAUCA|El azúcar tradicional de los colombianos, suministra la energía que requieres y hace más saludables los alimentos.|COP|23590|2023-09-08T22:13:22Z|https://www.tiendasjumbo.co/azucar-incauca-blanco-especial-5-kg/p|https://jumbocolombiaio.vtexassets.com/arquivos/ids/185672/7702059403087-1.jpg?v=1754153666|Cencosud - Colombia|5 kg|2022-11-06|AZUCAR|Tunja
13023|azúcar blanco riopaila x 5000 g|RIOPAILA|comparte los más dulces momentos|COP|21590|2023-09-01T22:04:24Z|https://www.tiendasjumbo.co/azucar-blanco-riopaila-x-5000g/p|https://jumbocolombiaio.vtexassets.com/arquivos/ids/185668/7702127113023---Riopaila-Suprema-5K.jpg?v=1754146668|Cencosud - Colombia|5 kg|2022-11-06|AZUCAR|Tunja
13022|azúcar incauca blanco especial 1 kg|INCAUCA|El azúcar tradicional de los colombianos, suministra la energía que requieres y hace más saludables los alimentos.|COP|4790|2023-09-08T22:02:18Z|https://www.tiendasjumbo.co/azucar-incauca-blanco-especial-1-kg/p|https://jumbocolombiaio.vtexassets.com/arquivos/ids/185664/7702059402028-1.jpg?v=1754167156|Cencosud - Colombia|1 kg|2022-11-06|AZUCAR|Tunja
74033|azucar morena x2.5 kg providencia|PROVIDENCIA|Azucar morena x2.5kg providencia|COP|11590|2023-09-08T22:13:21Z|https://www.tiendasjumbo.co/azucar-morena-x2-5kg-providencia/p|https://jumbocolombiaio.vtexassets.com/arquivos/ids/198481/7702104010321.jpg?v=1754149694|Cencosud - Colombia|2.5 kg|2022-11-06|AZUCAR|Tunja
13014|azúcar incauca light bolsa 850 g|INCAUCA LIGHT|Azúcar light con la mitad de calorías y con stevia para disfrutar del rico sabor del azúcar y de su energía con menos calorías, Incauca light, dulce equilibrio|COP|7590|2022-11-24T22:02:25Z|https://www.tiendasjumbo.co/azucar-incauca-light-bolsa-850-g/p|https://jumbocolombiaio.vtexassets.com/arquivos/ids/185644/7702059601315.jpg?v=1754180357|Cencosud - Colombia|850 g|2022-11-06|AZUCAR|Tunja
13036|azúcar incauca morena 5 kg|INCAUCA|Realza el sabor y color de tus alimentos con Azúcar Incauca Morena,  gracias a las mieles naturales de sus cristales.|COP|23590|2023-09-08T22:11:20Z|https://www.tiendasjumbo.co/azucar-incauca-morena-5-kg/p|https://jumbocolombiaio.vtexassets.com/arquivos/ids/185696/7702059203083-11.jpg?v=1754150144|Cencosud - Colombia|5 kg|2022-11-06|AZUCAR|Tunja
11113|azúcar incauca zero calorías con stevia x 300 g|INCAUCA|Endulzante con stevia cero calorías, apto para diabéticos en sobres. Con práctica tapa flip top y cuchara dosificadora.|COP|11613|2023-11-07T01:03:51Z|https://www.tiendasjumbo.co/incauca-zero-calorias-con-stevia-dulcera-por-300-g-con-practica-tapa-flip-top-y-cuchara-dosificadora/p|https://jumbocolombiaio.vtexassets.com/arquivos/ids/184716/7702059602039.jpg?v=1754172279|Cencosud - Colombia|300 g|2022-11-06|AZUCAR|Tunja
13027|azúcar incauca morena light bolsa 850 g|INCAUCA LIGHT|Azúcar Morena light con la mitad de calorías y con stevia para disfrutar del rico sabor del azúcar y de su energía con menos calorías, Incauca light, dulce equilibrio|COP|7590|2022-11-24T22:02:25Z|https://www.tiendasjumbo.co/azucar-incauca-morena-light-bolsa-850-g/p|https://jumbocolombiaio.vtexassets.com/arquivos/ids/185676/7702059601322.jpg?v=1754180185|Cencosud - Colombia|850 g|2022-11-06|AZUCAR|Tunja
125910|endulzante vitad natural fruta del monje zero sin azúcar x 200 g|VITAD|Endulza tus bebidas con el delicioso endulzante Vitad natural fruta del monje zero sin azúcar.|COP|35690|2023-05-19T22:12:36Z|https://www.tiendasjumbo.co/endulzantevitadnatural-frt-monje-zero-sin-azcx200g/p|https://jumbocolombiaio.vtexassets.com/arquivos/ids/270952/7709490684693.jpg?v=1754142006|Cencosud - Colombia|200 g|2022-11-06|ENDULZANTE|Tunja
42685|azúcar blanco providencia x1 kg|PROVIDENCIA|Para dulzura a tus bebidas con azúcar providencia para darle momentos inolvidables a tus hijos|COP|4990|2023-09-08T22:18:41Z|https://www.tiendasjumbo.co/azucar-blanco-providencia-x-1-kg-/p|https://jumbocolombiaio.vtexassets.com/arquivos/ids/206460/7702104010352.jpg?v=1754150586|Cencosud - Colombia|1 kg|2022-11-06|AZUCAR|Tunja
13024|azúcar incauca extrafina 200 sobres|INCAUCA|Azúcar Extrafina, cristales de azúcar puros con un color, sabor y textura únicos para preparar tus bebidas y alimentos|COP|6990|2023-06-28T22:02:27Z|https://www.tiendasjumbo.co/azucar-incauca-extrafina-200-sobres/p|https://jumbocolombiaio.vtexassets.com/arquivos/ids/185670/7702059503039--1-.jpg?v=1753980647|Cencosud - Colombia|200 sobres|2022-11-06|AZUCAR|Tunja
61764|azucar coco organico a de coco x 200 g|A DE COCO|Azúcar de Coco ORGÁNICO A de Coco 200gr, alternativa sana para endulzar las comidas, 100% Natural|COP|26990|2023-07-31T22:05:14Z|https://www.tiendasjumbo.co/azucar-a-de-coco-coco-organico-x-200-g/p|https://jumbocolombiaio.vtexassets.com/arquivos/ids/371672/7503008669390.jpg?v=1754139508|Cencosud - Colombia|200 g|2022-11-06|AZUCAR|Tunja
188937|azucar manuelita organica x800 g|MANUELITA|Prueba los increibles productos que Manuelita trae para ti.|COP|4490|2023-08-12T22:03:08Z|https://www.tiendasjumbo.co/azucar-manuelita-organica-x800g/p|https://jumbocolombiaio.vtexassets.com/arquivos/ids/227730/7702406475316.jpg?v=1754149735|Cencosud - Colombia|800 g|2022-11-06|AZUCAR|Tunja
13018|azúcar sobres riopaila x 975 g|RIOPAILA|comparte los más dulces momentos|COP|5290|2023-05-22T22:08:43Z|https://www.tiendasjumbo.co/azucar-sobres-riopaila-x-975g/p|https://jumbocolombiaio.vtexassets.com/arquivos/ids/185656/7702127212023-1.jpg?v=1754138156|Cencosud - Colombia|975 g|2022-11-06|AZUCAR|Tunja
20723|azúcar orgánica providencia doypack x 454 g|PROVIDENCIA|El consumo de alimentos orgánicos es una buena manera de proteger las futuras generaciones, evitar la erosión de los suelos y mantener la calidad de las aguas. Consume Azúcar Orgánica Providencia.|COP|2790|2023-09-08T22:07:10Z|https://www.tiendasjumbo.co/azucar-organica-providencia-doypack-454g/p|https://jumbocolombiaio.vtexassets.com/arquivos/ids/191136/7702104010147.jpg?v=1754150588|Cencosud - Colombia|454 g|2022-11-06|AZUCAR|Tunja
40781|azúcar blanca incauca light tetra rex x 850 g|INCAUCA LIGHT|El azúcar utilizado en Incauca Light es azúcar Incauca Extrafina, que cumple con las más altas especificaciones de calidad y su suavidad la ubica como la más agradable al paladar de los consumidores. Incauca Light se compone de sacarosa, la cual es extraída de la caña de azúcar  y de edulcorante natural: stevia.|COP|7190|2023-05-19T22:11:12Z|https://www.tiendasjumbo.co/azucar-blanca-incauca-light-tetra-rex-x-850-g/p|https://jumbocolombiaio.vtexassets.com/arquivos/ids/194611/7702059601001-1.jpg?v=1754142978|Cencosud - Colombia|850 g|2022-11-06|AZUCAR|Tunja
13029|azúcar rio paila morena light doy pack x 850 g|RIOPAILA|comparte los más dulces momentos|COP|5990|2023-07-02T22:03:37Z|https://www.tiendasjumbo.co/azucar-rio-paila-morena-light-doy-pack-x-850g/p|https://jumbocolombiaio.vtexassets.com/arquivos/ids/185684/7702127310231-1.jpg?v=1754133612|Cencosud - Colombia|850 g|2022-11-06|AZUCAR|Tunja
13013|azúcar incauca light display 100 tubipaks|INCAUCA LIGHT|Azúcar light con la mitad de calorías y con stevia para disfrutar del rico sabor del azúcar y de su energía con menos calorías.|COP|4190|2022-11-24T22:05:39Z|https://www.tiendasjumbo.co/azucar-incauca-light-display-100-tubipaks/p|https://jumbocolombiaio.vtexassets.com/arquivos/ids/185640/7702059601254.jpg?v=1754148995|Cencosud - Colombia|100 und|2022-11-06|AZUCAR|Tunja
37286|azúcar incauca light morena x 454 g bolsa|INCAUCA LIGHT|Realza el sabor y color de tus alimentos con Azúcar Incauca Morena,  gracias a las mieles naturales de sus cristales, tiene todo el sabor del azúcar pero con menos calorías.|COP|4390|2022-11-24T22:02:25Z|https://www.tiendasjumbo.co/azucar-incauca-light-morena-x-454g-bolsa/p|https://jumbocolombiaio.vtexassets.com/arquivos/ids/206420/7702059601339-1.jpg?v=1754126996|Cencosud - Colombia|454 g|2022-11-06|AZUCAR|Tunja
60383|endulzante d&aposlight sin azúcar x 200 tabletas|DLIGHT|Endulzante Light Sin Calorias|COP|11590|2023-07-02T22:04:45Z|https://www.tiendasjumbo.co/endulzante-d-light-sin-azucar-x-200-tabletas/p|https://jumbocolombiaio.vtexassets.com/arquivos/ids/255874/7707241293460.jpg?v=1754150188|Cencosud - Colombia|200 tabletas|2022-11-06|ENDULZANTE|Tunja
49561|cava vinos 8 botellas negra ge gw8 xdbb|GENERAL ELECTRIC|Cava vinos 8 botellas negra ge gw8xdbb|COP|829900|2023-08-25T00:00:00Z|https://www.tiendasjumbo.co/cava-vinos-8-botellas-negra-ge-gw8xdbb/p|https://jumbocolombiaio.vtexassets.com/arquivos/ids/318151/1.jpg?v=1754039239|Cencosud - Colombia|8 botell 8 dbb|2022-11-06|VARIOS|Tunja
119699|blanqueador clorox original x1.8 l + 530 ml|CLOROX|El Pack Blanqueador Clorox ofrece su poder de desinfección, cuidado y limpieza para tu hogar. Elimina el 99.9% de virus y bacterias. Se recomienda para la desinfección de los pisos, cocina, sala, cuartos, baño, inodoros y otros más. Desinfecta, desodoriza y es seguro en objetos de madera y acero.|COP|7390|2023-10-14T22:13:00Z|https://www.tiendasjumbo.co/blanqueador-clorox-tripaccionorigx2undx2330mlpresp/p|https://jumbocolombiaio.vtexassets.com/arquivos/ids/360944/7702137603118_1.jpg?v=1754167911|Cencosud - Colombia|1.8 l + 530 ml|2022-11-06|ASEO|Tunja
15093|blanqueador multiusos límpido original x3800 ml|LIMPIDO|El Blanqueador Multiusos Límpido ofrece un gran poder de desinfección necesario para la limpieza de su hogar. Su alto nivel de concentración elimina hasta el 99,9% de gérmenes y bacterias. También es un excelente producto para remover las manchas difíciles. Bueno limpiando y el bolsillo cuidando.|COP|7990|2023-08-10T00:00:00Z|https://www.tiendasjumbo.co/limpido-regular-x-3800ml/p|https://jumbocolombiaio.vtexassets.com/arquivos/ids/360957/7702137636864_1.jpg?v=1754175571|Cencosud - Colombia|3800 ml|2022-11-06|ASEO|Tunja
14500|limpia pisos fabuloso antibacterial lavanda x3 l|FABULOSO|Con el Limpiapisos Fabuloso Lavanda no sólo disfrutarás de un delicioso y duradero aroma en tus superficies sino también de una efectiva limpieza. Fabuloso se encarga de eliminar el 99.99%* de las bacterias que se alojan en los pisos y paredes de tu hogar.|COP|20472|2023-07-24T22:02:28Z|https://www.tiendasjumbo.co/promo-limpiador-liquido-fabuloso-antibacterial-fresca-lavanda-3l-precio-especial/p|https://jumbocolombiaio.vtexassets.com/arquivos/ids/369265/7702010310324-1.jpg?v=1754182264|Cencosud - Colombia|3 l|2022-11-06|ASEO|Tunja
43329|arena baby cat x4 kg|BABY CAT|Arena super aglomerante de fina granulación, 0% de humedad, 100% natural y libre de polvo en un 99%. Neutraliza y absorbe rápidamente los olores de las heces y la orina de los gatos y controla la humedad de las mismas.|COP|13592|2023-11-07T01:05:03Z|https://www.tiendasjumbo.co/arena-baby-cat-x-4-kg/p|https://jumbocolombiaio.vtexassets.com/arquivos/ids/207204/7898905706065.jpg?v=1754176668|Cencosud - Colombia|4 kg|2022-11-06|VARIOS|Tunja
124754|blanqueador dersa desinfectante cloro x 4 l|DERSA|Blanqueador dersa desinfectante cloro x4l|COP|10712|2023-06-24T22:03:11Z|https://www.tiendasjumbo.co/blanqueador-dersa-desinfectante-cloro-x4l-3404482/p|https://jumbocolombiaio.vtexassets.com/arquivos/ids/270172/7702166007901.jpg?v=1754182735|Cencosud - Colombia|4 l|2022-11-06|ASEO|Tunja
15094|blanqueador clorox original x3800 ml|CLOROX|El Blanqueador Clorox Original ofrece todo su poder de desinfección, cuidado y limpieza de tu hogar. Elimina el 99,9% de virus y bacterias, incluyendo al virus del COVID-19. Desinfecta, desodoriza y es de uso seguro en elementos de madera y acero. Puede usarse en la limpieza de grandes superficies.|COP|16590|2023-09-18T22:05:01Z|https://www.tiendasjumbo.co/clorox-regular-x-3800ml/p|https://jumbocolombiaio.vtexassets.com/arquivos/ids/360949/7702137624625_1.jpg?v=1754149885|Cencosud - Colombia|3800 ml|2022-11-06|ASEO|Tunja
120118|arena x10 kg mirringo|MIRRINGO|Arena x10kg mirringo|COP|47992|2023-05-31T22:14:23Z|https://www.tiendasjumbo.co/arena-x10kg-mirringo/p|https://jumbocolombiaio.vtexassets.com/arquivos/ids/219830/7703090961031-1.jpg?v=1754161500|Cencosud - Colombia|10 kg|2022-11-06|VARIOS|Tunja
14509|limpia pisos fabuloso antibacterial lavanda x1 l|FABULOSO|Con el Limpiapisos Fabuloso Floral no sólo disfrutarás de un delicioso y duradero aroma en tus superficies sino también de una efectiva limpieza. Fabuloso se encarga de eliminar el 99.99%* de las bacterias que se alojan en los pisos y paredes de tu hogar.|COP|8312|2023-07-24T22:02:25Z|https://www.tiendasjumbo.co/limpiador-liquido-fabuloso-antibacterial-fresca-lavanda-1000ml/p|https://jumbocolombiaio.vtexassets.com/arquivos/ids/369256/7702010225123-1.jpg?v=1754175710|Cencosud - Colombia|1 l|2022-11-06|ASEO|Tunja
14394|limpiador líquido mr musculo antigrasa acción naranja x 500 ml repuesto|MR MUSCULO|Desengrasante líder del mercado, con fragancias a Naranja , tiene tecnología micelar que atrae la grasa sin ser abrasivo con las manos, ingredientes que penetran , levantan y remueven los fuertes residuos de grasa, remueve la grasa 10x más rápido que un jabón de loza, penetra matando gérmenes y bacterias dejando superficies limpias y desinfectadas|COP|6072|2023-09-04T22:05:56Z|https://www.tiendasjumbo.co/limpiador-liquido-mr-musculo-antigrasa-accion-naranja-x-500-ml-repuesto/p|https://jumbocolombiaio.vtexassets.com/arquivos/ids/187213/7790520984524.jpg?v=1754178208|Cencosud - Colombia|500 ml|2022-11-06|ASEO|Tunja
43324|arena gatisimo x4.5 kg|GATISIMO|Absorbe líquidos y controla de forma eficiente los olores de las heces y orina.|COP|17990|2023-11-07T01:05:04Z|https://www.tiendasjumbo.co/arena-gatisimo-x-4-5-kg/p|https://jumbocolombiaio.vtexassets.com/arquivos/ids/207198/7898905706034.jpg?v=1754170305|Cencosud - Colombia|4.5 kg|2022-11-06|VARIOS|Tunja
62286|blanqueador blancox desinfectantex3800 ml|BLANCOX|Blanqueador blancox desinfectantex3800ml|COP|11192|2022-12-31T22:21:12Z|https://www.tiendasjumbo.co/blanqueador-blancox-desinfectantex3800ml/p|https://jumbocolombiaio.vtexassets.com/arquivos/ids/209764/7703812014250.jpg?v=1754182165|Cencosud - Colombia|3800 ml|2022-11-06|ASEO|Tunja
76086|desengrasante maxima citrico x1000 ml|MAXIMA MP|Desengrasante maxima citrico x1000ml|COP|4190|2022-12-31T22:07:46Z|https://www.tiendasjumbo.co/desengrasante-maxima-citrico-x1000ml/p|https://jumbocolombiaio.vtexassets.com/arquivos/ids/198924/7703616276441--1-.jpg?v=1754162928|Cencosud - Colombia|1 l|2022-11-06|ASEO|Tunja
15132|blanqueador clorox pureza cítrica x3800 ml|CLOROX|El Blanqueador Clorox Pureza Cítrica contiene una agradable fragancia que sustituye el olor del limpiador tradicional, manteniendo todo su poder de desinfección, cuidado y limpieza. Puede usarse en la limpieza de grandes superficies como los pisos del hogar y es seguro en objetos de madera y acero.|COP|16990|2023-07-17T22:02:37Z|https://www.tiendasjumbo.co/clorox-limon-x-3800ml/p|https://jumbocolombiaio.vtexassets.com/arquivos/ids/360950/7702137624663_1.jpg?v=1754149753|Cencosud - Colombia|3800 ml|2022-11-06|ASEO|Tunja
38505|limpia pisos ajax bicarbonato naranjalimón x3 l|AJAX|Arranca fácilmente las manchas difíciles, desinfecta tus espacios y deja que la deliciosa fragancia del Limpiapisos Ajax Bicarbonato Naranja - Limón invada tu hogar. Aplícalo en azulejos, paredes, pisos y observa como la suciedad y el polvo desaparecen al instante, también puedes utilizarlo para remover grasa de estufas, hornos y gabinetes.|COP|22392|2023-07-24T22:05:36Z|https://www.tiendasjumbo.co/limpiador-liquido-ajax-bicarbonato-naranja-limon-3l/p|https://jumbocolombiaio.vtexassets.com/arquivos/ids/369280/7702010820526-1.jpg?v=1754178785|Cencosud - Colombia|3 l|2022-11-06|ASEO|Tunja
69052|limpiador máxima desinfectante lavanda x5000 ml|MAXIMA MP|Máxima la marca propia de nosotros, llegará a tu casa para enamorarte!|COP|9990|2022-12-31T22:28:37Z|https://www.tiendasjumbo.co/limpiador-maxima-desinfectante-lavanda-x5000ml/p|https://jumbocolombiaio.vtexassets.com/arquivos/ids/211245/7703616166001.jpg?v=1754167121|Cencosud - Colombia|5000 ml|2022-11-06|ASEO|Tunja
15141|blanqueador en clorox lavanda x1000 ml|CLOROX|Blanqueador en Gel Clorox Lavanda posee un gran poder desinfectante, limpiador y blanqueador que se puede usar de forma rápida y directa. Su consistencia y fórmula efectiva elimina el 99.9% de virus y bacterias. Ideal para desinfectar múltiples superficies, blanquea y desodoriza sin complicaciones.|COP|8990|2023-09-04T22:04:43Z|https://www.tiendasjumbo.co/clorox-power-gel-lavanda-x-1000ml/p|https://jumbocolombiaio.vtexassets.com/arquivos/ids/360929/7702137006810_1.jpg?v=1754148798|Cencosud - Colombia|1 l|2022-11-06|ASEO|Tunja
15140|blanqueador en gel clorox pureza cítrica x1000 ml|CLOROX|Blanqueador en Gel Clorox Pureza Cítrica posee un gran poder desinfectante, limpiador y blanqueador de uso rápido y directo. Por su consistencia y fórmula efectiva, elimina el 99.9% de virus y bacterias. Es ideal para desinfectar múltiples superficies, blanquea y desodoriza sin complicaciones.|COP|8990|2023-09-04T22:02:31Z|https://www.tiendasjumbo.co/clorox-power-gel-pureza-citrica-x-1000ml/p|https://jumbocolombiaio.vtexassets.com/arquivos/ids/360923/7702137005455_1.jpg?v=1754150931|Cencosud - Colombia|1 l|2022-11-06|ASEO|Tunja
98246|limpiavidrios maxima x1000 ml|MAXIMA MP|Limpiavidrios maxima x1000ml|COP|4190|2022-12-31T22:13:24Z|https://www.tiendasjumbo.co/limpiavidrios-maxima-x1000ml/p|https://jumbocolombiaio.vtexassets.com/arquivos/ids/195964/7703616276458.jpg?v=1754162923|Cencosud - Colombia|1 l|2022-11-06|ASEO|Tunja
39539|limpiador pato inodoro fragancia marina pastilla x 4 und x 40 g cu precio especial|PATO|Es una pastilla que se coloca dentro del tanque del inodoro, limpiando y desinfectando continuamente en cada descarga, y dejando un color azul/verde higiénico en el agua, usándolo se asegura una limpieza y protección continua durante cuatro semanas, cada bloque dura hasta 400 descargas|COP|15032|2023-10-09T22:02:44Z|https://www.tiendasjumbo.co/limpiador-pato-inodoro-fragancia-marina-pastilla-x-4-und-x-40-g-c-u-precio-especial/p|https://jumbocolombiaio.vtexassets.com/arquivos/ids/243928/7591005996045.jpg?v=1754177884|Cencosud - Colombia|4 und  40 g c/u|2022-11-06|ASEO|Tunja
142847|aromatizante glade vainilla x 3 und x 21 ml c/u|GLADE|¡Crea el ambiente perfecto en cada habitación de tu hogar! Coloca tu repuesto en el aparato, gira la parte superior para ajustar la intensidady conecta el nuevo aparato de Glade Aceites Naturales. Disfruta el aroma de un ambientador 100% fragancia.|COP|18392|2023-03-13T22:04:14Z|https://www.tiendasjumbo.co/aromatizante-glade-vainilla-x3und-x21ml-c-u--3424600/p|https://jumbocolombiaio.vtexassets.com/arquivos/ids/215271/7591005006072.jpg?v=1754183176|Cencosud - Colombia|3 und  21 ml c/u|2022-11-06|ASEO|Tunja
64489|limpiapisos máxima bicarbonato x5000 ml|MAXIMA MP|Limpiapisos Máxima es el ideal para dejar tus pisos brillantes y hermosos, y al mejor precio.|COP|11190|2022-12-31T22:28:35Z|https://www.tiendasjumbo.co/limpiapisos-maxima-bicarbonato-x-5000-ml/p|https://jumbocolombiaio.vtexassets.com/arquivos/ids/210470/7703616162881.jpg?v=1754177383|Cencosud - Colombia|5000 ml|2022-11-06|ASEO|Tunja
15133|blanqueador en gel clorox floral x1000 ml|CLOROX|Blanqueador en Gel Clorox Floral posee un gran poder desinfectante, limpiador y blanqueador que se puede usar de forma rápida y directa. Su consistencia y fórmula efectiva elimina el 99.9% de virus y bacterias. Ideal para desinfectar múltiples superficies, blanquea y desodoriza sin complicaciones.|COP|8990|2023-09-04T22:05:29Z|https://www.tiendasjumbo.co/clorox-power-gel-floral-x-1000ml/p|https://jumbocolombiaio.vtexassets.com/arquivos/ids/360924/7702137005462_1.jpg?v=1754149616|Cencosud - Colombia|1 l|2022-11-06|ASEO|Tunja
14481|limpia pisos ajax bicloro poder desinfectante x2 l|AJAX|Elimina gérmenes y bacterias causantes de enfermedades y mantén protegida a tu familia con el Limpiapisos Ajax  Bicloro. ¡Adiós manchas! Asegura una limpieza y desinfección de pisos usándolo diario además, es tan versátil que incluso podrás utilizarlo para desmanchar tu ropa blanca o limpiar el horno de microondas.|COP|15192|2023-09-18T22:05:05Z|https://www.tiendasjumbo.co/limpiador-liquido-ajax-bicloro-2l/p|https://jumbocolombiaio.vtexassets.com/arquivos/ids/369271/7702010320224-1.jpg?v=1754175591|Cencosud - Colombia|2 l|2022-11-06|ASEO|Tunja
